City_ID,City,Country,Date,Lat,Lng,Max Temp,Humidity,Cloudiness,Wind Speed
0,Dobryanka,RU,2022-02-11 20:23:06,58.4619,56.4165,15.66,94,100,7.49
1,Pingliang,CN,2022-02-11 20:23:07,35.5392,106.6861,26.13,97,100,4.94
2,Barrow,US,2022-02-11 20:20:18,71.2906,-156.7887,-27.38,68,100,6.91
3,Rikitea,PF,2022-02-11 20:23:08,-23.1203,-134.9692,79.03,73,4,16.28
4,Pisco,PE,2022-02-11 20:23:08,-13.7,-76.2167,82.45,51,0,19.57
5,Vaini,TO,2022-02-11 20:23:08,-21.2,-175.2,82.56,89,20,6.91
6,East London,ZA,2022-02-11 20:23:09,-33.0153,27.9116,74.66,85,100,6.15
7,Fairbanks,US,2022-02-11 20:23:09,64.8378,-147.7164,1.36,75,100,9.22
8,Hermanus,ZA,2022-02-11 20:23:09,-34.4187,19.2345,66.9,88,0,5.57
9,Georgetown,MY,2022-02-11 20:23:10,5.4112,100.3354,78.89,86,20,4.61
10,Saint-Philippe,RE,2022-02-11 20:23:10,-21.3585,55.7679,76.59,72,32,7.81
11,Mar Del Plata,AR,2022-02-11 20:23:11,-38.0023,-57.5575,62.87,75,100,23.02
12,Ilulissat,GL,2022-02-11 20:23:11,69.2167,-51.1,24.82,80,75,6.91
13,Pangnirtung,CA,2022-02-11 20:23:12,66.1451,-65.7125,3.2,51,75,12.66
14,Katsuura,JP,2022-02-11 20:23:12,35.1333,140.3,39.31,71,8,13.06
15,Vila,PT,2022-02-11 20:23:12,42.0304,-8.1588,46.33,85,100,1.3
16,Avarua,CK,2022-02-11 20:23:13,-21.2078,-159.775,82.45,74,41,11.5
17,Sitka,US,2022-02-11 20:23:13,57.0531,-135.33,44.49,70,100,13.8
18,Visalia,US,2022-02-11 20:22:25,36.3302,-119.2921,79.03,46,0,5.75
19,Upernavik,GL,2022-02-11 20:23:14,72.7868,-56.1549,-15.18,79,100,14.52
20,Safaga,EG,2022-02-11 20:23:14,26.7292,33.9365,60.17,54,0,15.82
21,Kavieng,PG,2022-02-11 20:23:15,-2.5744,150.7967,80.4,81,100,5.82
22,Hilo,US,2022-02-11 20:23:15,19.7297,-155.09,77.79,66,40,5.99
23,Chuy,UY,2022-02-11 20:23:16,-33.6971,-53.4616,79.32,67,94,15.93
24,Chapais,CA,2022-02-11 20:23:16,49.7834,-74.8492,10.18,95,100,8.9
25,Port Alfred,ZA,2022-02-11 20:23:16,-33.5906,26.891,70.59,85,8,6.13
26,Santa Isabel Do Rio Negro,BR,2022-02-11 20:23:17,-0.4139,-65.0192,85.15,69,84,3.27
27,Albany,US,2022-02-11 20:23:17,42.6001,-73.9662,51.75,41,84,4.0
28,Punta Arenas,CL,2022-02-11 20:22:12,-53.15,-70.9167,57.31,62,0,32.21
29,Lebu,CL,2022-02-11 20:23:18,-37.6167,-73.65,61.83,62,0,23.6
30,Samana,DO,2022-02-11 20:23:18,19.2056,-69.3369,84.42,74,40,9.22
31,Cherskiy,RU,2022-02-11 20:23:19,68.75,161.3,-36.76,100,88,6.53
32,Atuona,PF,2022-02-11 20:23:19,-9.8,-139.0333,77.77,75,7,13.82
33,Butaritari,KI,2022-02-11 20:23:20,3.0707,172.7902,81.46,78,79,15.26
34,Busselton,AU,2022-02-11 20:23:20,-33.65,115.3333,59.09,90,54,4.27
35,Port-Gentil,GA,2022-02-11 20:23:21,-0.7193,8.7815,80.96,82,20,10.16
36,Oranjestad,AW,2022-02-11 20:18:32,12.524,-70.027,84.15,58,20,20.71
37,Roald,NO,2022-02-11 20:23:21,62.5833,6.1333,38.34,87,75,24.16
38,Vestmannaeyjar,IS,2022-02-11 20:23:22,63.4427,-20.2734,35.04,68,100,15.46
39,Mataura,NZ,2022-02-11 20:23:22,-46.1927,168.8643,58.48,78,93,5.1
40,Clyde River,CA,2022-02-11 20:23:22,70.4692,-68.5914,-16.37,76,100,33.38
41,Dikson,RU,2022-02-11 20:23:23,73.5069,80.5464,1.49,83,100,28.61
42,Kangaatsiaq,GL,2022-02-11 20:23:23,68.3065,-53.4641,16.32,87,100,9.13
43,Bandarbeyla,SO,2022-02-11 20:24:24,9.4942,50.8122,74.93,63,67,18.77
44,Airai,TL,2022-02-11 20:24:24,-8.9266,125.4092,60.57,94,100,1.36
45,Hithadhoo,MV,2022-02-11 20:23:44,-0.6,73.0833,81.48,70,100,8.16
46,Nikolskoye,RU,2022-02-11 20:24:25,59.7035,30.7861,28.29,92,41,8.34
47,Oktyabrskoye,RU,2022-02-11 20:24:25,43.0645,44.7417,26.74,86,12,8.95
48,Tuatapere,NZ,2022-02-11 20:24:26,-46.1333,167.6833,58.82,76,42,6.4
49,Ushuaia,AR,2022-02-11 20:21:32,-54.8,-68.3,56.86,67,75,12.66
50,Thompson,CA,2022-02-11 20:21:20,55.7435,-97.8558,-12.84,53,0,8.05
51,Abbeville,FR,2022-02-11 20:23:16,50.1,1.8333,38.61,79,100,5.37
52,Pucara,PE,2022-02-11 20:24:27,-15.9803,-71.4606,44.73,35,18,14.34
53,Buraydah,SA,2022-02-11 20:24:27,26.326,43.975,57.65,32,0,13.8
54,Vila Velha,BR,2022-02-11 20:24:27,-20.3297,-40.2925,76.95,87,75,11.5
55,Vardo,NO,2022-02-11 20:24:28,70.3705,31.1107,28.6,86,96,23.02
56,Mahebourg,MU,2022-02-11 20:24:28,-20.4081,57.7,77.29,88,20,3.44
57,Grand Baie,MU,2022-02-11 20:24:29,-20.0182,57.5802,77.47,79,87,1.99
58,Qaanaaq,GL,2022-02-11 20:24:29,77.484,-69.3632,-23.89,62,0,7.34
59,Bluff,NZ,2022-02-11 20:23:19,-46.6,168.3333,58.8,67,21,14.03
60,Kapuskasing,CA,2022-02-11 20:24:30,49.4169,-82.4331,5.09,78,100,23.02
61,Kapaa,US,2022-02-11 20:23:20,22.0752,-159.319,77.47,67,0,5.75
62,Seymchan,RU,2022-02-11 20:24:30,62.8833,152.4333,-43.71,100,96,0.51
63,Tautira,PF,2022-02-11 20:24:30,-17.7333,-149.15,84.22,74,56,17.4
64,Korla,CN,2022-02-11 20:24:31,41.7597,86.1469,26.78,49,0,2.95
65,Provideniya,RU,2022-02-11 20:24:31,64.3833,-173.3,-16.13,91,8,9.4
66,La Ronge,CA,2022-02-11 20:24:32,55.1001,-105.2842,-12.75,48,75,4.61
67,Lufilufi,WS,2022-02-11 20:24:32,-13.8745,-171.5986,78.58,77,22,13.27
68,Yellowknife,CA,2022-02-11 20:20:03,62.456,-114.3525,-9.58,82,100,3.44
69,Hobart,AU,2022-02-11 20:20:06,-42.8794,147.3294,53.26,76,75,10.36
70,Codrington,AU,2022-02-11 20:24:33,-38.2667,141.9667,51.76,90,1,8.12
71,Sola,VU,2022-02-11 20:24:33,-13.8833,167.55,81.36,77,88,14.88
72,Port Elizabeth,ZA,2022-02-11 20:23:26,-33.918,25.5701,66.49,88,0,3.44
73,Gawler,AU,2022-02-11 20:24:34,-34.6,138.7333,63.25,64,0,8.01
74,Rocha,UY,2022-02-11 20:24:35,-34.4833,-54.3333,78.53,67,97,11.83
75,Mantua,IT,2022-02-11 20:24:35,45.1667,10.7833,51.28,83,38,1.99
76,San Patricio,US,2022-02-11 20:24:36,28.017,-97.5169,79.21,44,0,8.21
77,Saldanha,ZA,2022-02-11 20:24:36,-33.0117,17.9442,66.25,89,0,20.69
78,Klaksvik,FO,2022-02-11 20:24:36,62.2266,-6.589,38.32,85,100,18.28
79,Cape Town,ZA,2022-02-11 20:24:37,-33.9258,18.4232,70.09,79,20,21.85
80,Saint-Augustin,CA,2022-02-11 20:24:37,51.226,-58.6502,26.92,78,47,19.17
81,Aguie,NE,2022-02-11 20:24:38,13.506,7.7786,68.36,11,5,10.69
82,Pevek,RU,2022-02-11 20:24:38,69.7008,170.3133,-28.39,100,97,7.11
83,Mount Gambier,AU,2022-02-11 20:24:38,-37.8333,140.7667,48.11,93,0,4.61
84,Bambous Virieux,MU,2022-02-11 20:24:39,-20.3428,57.7575,77.25,88,20,3.44
85,Tacoronte,ES,2022-02-11 20:24:39,28.4769,-16.4102,65.41,35,20,11.01
86,Shingu,JP,2022-02-11 20:24:40,33.7333,135.9833,34.92,60,9,5.7
87,Grindavik,IS,2022-02-11 20:24:40,63.8424,-22.4338,30.67,59,0,14.97
88,Norman Wells,CA,2022-02-11 20:24:40,65.282,-126.8329,-12.96,70,20,5.75
89,Timra,SE,2022-02-11 20:25:41,62.487,17.3257,26.28,63,0,4.61
90,Aklavik,CA,2022-02-11 20:25:41,68.2191,-135.0107,-19.37,69,20,2.3
91,Los Llanos De Aridane,ES,2022-02-11 20:25:42,28.6585,-17.9182,66.13,36,0,8.01
92,Victoria,HK,2022-02-11 20:24:40,22.2855,114.1577,66.94,88,34,4.0
93,Gourcy,BF,2022-02-11 20:25:43,13.2167,-2.35,76.91,8,0,10.6
94,Puerto Ayora,EC,2022-02-11 20:25:43,-0.7393,-90.3518,82.36,87,91,4.0
95,Saint-Francois,FR,2022-02-11 20:25:43,46.4154,3.9054,34.68,79,0,3.44
96,Acapulco,MX,2022-02-11 20:25:01,16.8634,-99.8901,84.02,61,75,8.05
97,Jijiga,ET,2022-02-11 20:25:44,9.35,42.8,61.99,47,35,8.59
98,Chulman,RU,2022-02-11 20:25:44,56.8479,124.9104,-24.45,99,100,2.53
99,Hambantota,LK,2022-02-11 20:25:45,6.1241,81.1185,77.11,88,95,12.68
100,Tilbury,GB,2022-02-11 20:25:45,51.4625,0.3586,41.99,80,97,6.73
101,Bangkalan,ID,2022-02-11 20:25:46,-7.0455,112.7351,76.95,91,100,2.82
102,Alice Springs,AU,2022-02-11 20:23:27,-23.7,133.8833,62.15,82,0,0.0
103,Sorong,ID,2022-02-11 20:25:47,-0.8833,131.25,77.77,82,100,4.5
104,Tiksi,RU,2022-02-11 20:25:47,71.6872,128.8694,-12.01,94,99,15.28
105,Kloulklubed,PW,2022-02-11 20:25:48,7.0419,134.2556,79.3,75,50,18.34
106,Vilhena,BR,2022-02-11 20:25:48,-12.7406,-60.1458,84.42,61,40,13.8
107,Maniwaki,CA,2022-02-11 20:25:49,46.3834,-75.966,32.54,86,100,10.36
108,Deputatskiy,RU,2022-02-11 20:25:49,69.3,139.9,-16.62,96,97,5.53
109,Tasiilaq,GL,2022-02-11 20:23:17,65.6145,-37.6368,14.16,59,100,5.57
110,Aracati,BR,2022-02-11 20:25:49,-4.5617,-37.7697,83.3,67,6,13.33
111,Saskylakh,RU,2022-02-11 20:25:50,71.9167,114.0833,2.57,92,93,12.62
112,Luebo,CD,2022-02-11 20:25:50,-5.35,21.4167,71.83,94,80,2.62
113,Matay,EG,2022-02-11 20:25:51,28.419,30.7792,55.45,50,0,7.81
114,Lompoc,US,2022-02-11 20:25:51,34.6391,-120.4579,87.01,27,0,4.61
115,Tuktoyaktuk,CA,2022-02-11 20:25:52,69.4541,-133.0374,-20.2,69,75,12.66
116,New Norfolk,AU,2022-02-11 20:25:53,-42.7826,147.0587,52.92,69,36,2.1
117,Benghazi,LY,2022-02-11 20:25:53,32.1167,20.0667,56.73,68,10,9.44
118,Edd,ER,2022-02-11 20:25:53,13.9297,41.6925,79.18,67,2,11.56
119,Bredasdorp,ZA,2022-02-11 20:23:37,-34.5322,20.0403,67.32,83,7,2.3
120,Port Hedland,AU,2022-02-11 20:25:55,-20.3167,118.5667,82.45,94,56,4.61
121,Uruguaiana,BR,2022-02-11 20:25:55,-29.7547,-57.0883,98.53,25,23,10.36
122,Jardim,BR,2022-02-11 20:25:56,-21.4803,-56.1381,92.25,33,91,10.16
123,Aktau,KZ,2022-02-11 20:25:57,43.65,51.2,36.18,75,100,7.76
124,Tyukalinsk,RU,2022-02-11 20:25:57,55.8732,72.1967,-11.9,97,11,10.65
125,Boda,CF,2022-02-11 20:25:58,4.3189,17.4695,77.04,18,13,1.95
126,Saint-Leu,RE,2022-02-11 20:25:59,-21.15,55.2833,76.06,77,14,3.91
127,Big Spring,US,2022-02-11 20:25:59,32.2504,-101.4787,75.27,16,0,13.8
128,Pacific Grove,US,2022-02-11 20:25:59,36.6177,-121.9166,80.71,33,0,4.61
129,Husavik,IS,2022-02-11 20:26:00,66.0449,-17.3389,22.91,92,90,6.49
130,Nancha,CN,2022-02-11 20:26:00,47.1333,129.2667,11.07,97,100,1.5
131,Salamiyah,SY,2022-02-11 20:26:01,35.0113,37.0532,47.23,67,0,4.79
132,Omsukchan,RU,2022-02-11 20:26:01,62.5333,155.8,-28.34,80,64,3.58
133,Karratha,AU,2022-02-11 20:26:02,-20.7377,116.8463,84.76,71,13,4.56
134,Madimba,TZ,2022-02-11 20:27:02,-10.4,40.3333,75.87,90,100,2.06
135,Ken Caryl,US,2022-02-11 20:27:03,39.5773,-105.1169,42.6,59,100,5.99
136,Kodiak,US,2022-02-11 20:27:04,57.79,-152.4072,38.71,93,100,0.0
137,Walvis Bay,NA,2022-02-11 20:27:04,-22.9575,14.5053,72.09,78,16,8.05
138,Ponta Do Sol,PT,2022-02-11 20:24:40,32.6667,-17.1,66.7,82,11,3.91
139,Tazovskiy,RU,2022-02-11 20:27:05,67.4667,78.7,-3.55,79,96,15.19
140,Baturaja,ID,2022-02-11 20:27:05,-4.1333,104.1667,71.31,90,100,2.26
141,Dudinka,RU,2022-02-11 20:27:05,69.4058,86.1778,-8.45,85,100,16.35
142,Sanaur,IN,2022-02-11 20:27:06,30.3025,76.4553,47.59,67,0,7.38
143,Matagami,CA,2022-02-11 20:27:06,49.7502,-77.6328,14.11,79,100,4.61
144,Vao,NC,2022-02-11 20:27:07,-22.6667,167.4833,80.76,83,100,16.08
145,Hofn,IS,2022-02-11 20:27:07,64.2539,-15.2082,29.39,80,100,20.42
146,Sibolga,ID,2022-02-11 20:27:07,1.7427,98.7792,75.69,86,100,3.78
147,College,US,2022-02-11 20:27:08,64.8569,-147.8028,1.35,75,75,9.22
148,Cidreira,BR,2022-02-11 20:27:08,-30.1811,-50.2056,77.47,76,0,19.04
149,Ahipara,NZ,2022-02-11 20:23:43,-35.1667,173.1667,75.47,92,94,15.12
150,Alofi,NU,2022-02-11 20:27:09,-19.0595,-169.9187,82.29,78,75,8.05
151,Praya,CV,2022-02-11 20:27:09,14.9215,-23.5087,77.54,53,13,16.11
152,Puerto Leguizamo,CO,2022-02-11 20:27:10,-0.1934,-74.7819,85.68,61,100,2.39
153,Bay Roberts,CA,2022-02-11 20:27:10,47.5999,-53.2648,40.33,80,89,11.99
154,Souillac,MU,2022-02-11 20:27:11,-20.5167,57.5167,77.38,88,20,3.44
155,Nisia Floresta,BR,2022-02-11 20:27:11,-6.0911,-35.2086,85.01,66,98,11.5
156,Esperance,AU,2022-02-11 20:27:11,-33.8667,121.9,73.24,91,100,3.22
157,Ribeira Grande,PT,2022-02-11 20:27:12,38.5167,-28.7,59.4,72,20,4.61
158,Sao Felix Do Xingu,BR,2022-02-11 20:27:12,-6.6447,-51.995,79.63,77,83,1.01
159,Maragogi,BR,2022-02-11 20:27:13,-9.0122,-35.2225,83.46,69,100,14.94
160,Bethel,US,2022-02-11 20:23:36,41.3712,-73.414,55.49,43,0,12.66
161,Berlevag,NO,2022-02-11 20:27:13,70.8578,29.0864,31.95,80,40,24.16
162,Katobu,ID,2022-02-11 20:27:14,-4.9408,122.5276,75.04,93,100,1.88
163,Fortuna,US,2022-02-11 20:27:14,40.5982,-124.1573,74.86,49,20,1.01
164,Itarema,BR,2022-02-11 20:27:15,-2.9248,-39.9167,82.58,70,46,14.07
165,Sur,OM,2022-02-11 20:27:15,22.5667,59.5289,68.22,58,0,8.43
166,Saint-Denis,FR,2022-02-11 20:27:16,48.9167,2.3333,39.15,80,0,5.75
167,Bathsheba,BB,2022-02-11 20:27:17,13.2167,-59.5167,83.01,57,40,24.16
168,Novo Aripuana,BR,2022-02-11 20:27:18,-5.1206,-60.3797,80.26,79,99,3.06
169,Port Blair,IN,2022-02-11 20:27:18,11.6667,92.75,75.24,88,40,0.0
170,Hamilton,US,2022-02-11 20:27:18,39.1834,-84.5333,58.05,48,100,10.36
171,Adrar,MR,2022-02-11 20:27:19,20.5022,-10.0711,65.71,16,38,11.9
172,Luderitz,NA,2022-02-11 20:27:19,-26.6481,15.1594,78.48,61,100,16.15
173,Wlodawa,PL,2022-02-11 20:27:20,51.55,23.55,34.11,97,100,9.4
174,Yulara,AU,2022-02-11 20:27:20,-25.2406,130.9889,67.84,45,0,8.05
175,Baykit,RU,2022-02-11 20:27:21,61.67,96.37,-17.46,99,23,1.43
176,Westport,US,2022-02-11 20:27:12,41.1415,-73.3579,56.75,45,0,12.66
177,Dingle,PH,2022-02-11 20:27:22,10.9995,122.6711,74.88,91,100,6.51
178,Manjacaze,MZ,2022-02-11 20:28:22,-24.7117,33.8828,70.21,87,1,6.24
179,Ayagoz,KZ,2022-02-11 20:28:23,47.9714,80.4392,-11.18,100,100,4.38
180,Muravlenko,RU,2022-02-11 20:28:23,63.7898,74.523,-8.14,87,11,12.01
181,Zheleznodorozhnyy,RU,2022-02-11 20:28:24,55.7503,38.0042,33.98,93,99,8.16
182,San Rafael,AR,2022-02-11 20:28:24,-34.6177,-68.3301,74.39,31,58,15.35
183,Bengkulu,ID,2022-02-11 20:28:24,-3.8004,102.2655,74.12,88,100,4.59
184,Nabire,ID,2022-02-11 20:28:25,-3.3667,135.4833,74.8,94,100,3.44
185,Emba,KZ,2022-02-11 20:28:25,48.8264,58.1442,23.2,90,100,13.87
186,Chadiza,ZM,2022-02-11 20:28:26,-14.0678,32.4392,65.43,94,99,1.28
187,Arlit,NE,2022-02-11 20:28:26,18.7369,7.3853,68.72,15,0,9.86
188,Takoradi,GH,2022-02-11 20:28:26,4.8845,-1.7554,80.44,82,6,9.19
189,Khandyga,RU,2022-02-11 20:28:27,62.6667,135.6,-43.56,100,76,1.16
190,Kristiansund,NO,2022-02-11 20:28:27,63.1115,7.732,36.25,87,75,26.46
191,Longyearbyen,SJ,2022-02-11 20:28:27,78.2186,15.6401,21.04,86,75,4.61
192,Necochea,AR,2022-02-11 20:28:28,-38.5473,-58.7368,63.03,65,100,18.1
193,Lavrentiya,RU,2022-02-11 20:28:28,65.5833,-171.0,-26.25,94,25,7.27
194,Namanga,KE,2022-02-11 20:28:28,-2.5433,36.7905,70.65,62,67,8.75
195,Vernon,CA,2022-02-11 20:25:54,50.2581,-119.2691,41.36,63,77,2.3
196,Ulaanbaatar,MN,2022-02-11 20:28:29,47.9077,106.8832,-27.27,68,0,4.47
197,Hervey Bay,AU,2022-02-11 20:28:29,-25.2986,152.8535,70.03,73,2,13.8
198,Teguldet,RU,2022-02-11 20:28:30,57.3064,88.1667,-9.47,98,14,5.84
199,Chute-Aux-Outardes,CA,2022-02-11 20:28:30,49.1168,-68.399,19.38,68,100,3.44
200,Poum,NC,2022-02-11 20:28:30,-20.2333,164.0167,80.42,79,100,7.14
201,Byron Bay,AU,2022-02-11 20:28:31,-28.65,153.6167,70.88,80,96,14.94
202,Chokurdakh,RU,2022-02-11 20:24:15,70.6333,147.9167,-5.12,96,100,12.46
203,Vung Tau,VN,2022-02-11 20:26:41,10.346,107.0843,79.18,77,100,17.25
204,Itoman,JP,2022-02-11 20:28:31,26.1247,127.6694,66.58,77,37,10.36
205,Sao Filipe,CV,2022-02-11 20:28:32,14.8961,-24.4956,78.28,56,12,15.3
206,Umm Lajj,SA,2022-02-11 20:28:32,25.0213,37.2685,65.57,45,0,14.27
207,Waipawa,NZ,2022-02-11 20:28:33,-41.4122,175.5153,62.46,99,100,4.07
208,Roebourne,AU,2022-02-11 20:28:33,-20.7833,117.1333,85.01,70,45,3.38
209,Encruzilhada Do Sul,BR,2022-02-11 20:28:34,-30.5439,-52.5219,82.54,49,59,3.02
210,Srednekolymsk,RU,2022-02-11 20:28:34,67.45,153.6833,-38.2,100,31,6.06
211,Nanortalik,GL,2022-02-11 20:28:35,60.1432,-45.2371,29.52,81,100,7.16
212,Lensk,RU,2022-02-11 20:28:35,60.7253,114.9278,-7.2,97,100,4.92
213,Privolzhsk,RU,2022-02-11 20:28:35,57.3808,41.2886,19.94,96,27,7.63
214,Ust-Nera,RU,2022-02-11 20:28:36,64.5667,143.2,-35.16,99,66,2.51
215,Padang,ID,2022-02-11 20:28:36,-0.9492,100.3543,77.27,79,100,4.18
216,Lima,PE,2022-02-11 20:28:36,-12.0432,-77.0282,77.4,79,0,12.66
217,Strelka,RU,2022-02-11 20:28:37,58.0728,93.0344,-9.22,96,7,5.35
218,San Ramon,US,2022-02-11 20:28:34,37.7799,-121.978,76.39,45,0,8.05
219,Arraial Do Cabo,BR,2022-02-11 20:27:39,-22.9661,-42.0278,75.16,88,75,6.91
220,Mayor Pablo Lagerenza,PY,2022-02-11 20:28:38,-19.9309,-60.7718,102.42,23,75,7.72
221,Tabou,CI,2022-02-11 20:28:38,4.423,-7.3528,79.7,82,44,9.8
222,Khatanga,RU,2022-02-11 20:29:39,71.9667,102.5,1.98,79,66,15.59
223,Merke,KZ,2022-02-11 20:29:39,42.8728,73.1786,38.16,57,100,7.07
224,Kondinskoye,RU,2022-02-11 20:29:40,59.6481,67.41,-1.17,89,91,13.42
225,Pokosnoye,RU,2022-02-11 20:29:40,55.5258,101.0536,-25.73,100,50,0.58
226,Faanui,PF,2022-02-11 20:29:40,-16.4833,-151.75,81.19,72,49,16.2
227,Ancud,CL,2022-02-11 20:29:41,-41.8697,-73.8203,68.23,54,0,4.68
228,Lorengau,PG,2022-02-11 20:29:41,-2.0226,147.2712,81.73,77,100,10.6
229,Nipawin,CA,2022-02-11 20:29:42,53.3668,-104.0009,-12.96,70,0,5.75
230,Manga,BF,2022-02-11 20:29:42,11.6636,-1.0731,82.47,10,20,8.19
231,Rudnogorsk,RU,2022-02-11 20:29:43,57.2639,103.7519,-28.1,100,93,0.78
232,Ruteng,ID,2022-02-11 20:29:43,-8.6136,120.4721,62.87,91,100,1.74
233,Half Moon Bay,US,2022-02-11 20:29:43,37.4636,-122.4286,78.91,48,0,4.61
234,Jiaocheng,CN,2022-02-11 20:29:44,24.6774,116.1389,58.03,94,100,3.47
235,Talnakh,RU,2022-02-11 20:29:44,69.4865,88.3972,-11.33,88,100,9.93
236,Schoneiche,DE,2022-02-11 20:29:45,52.4667,13.6833,40.96,71,75,18.41
237,Tuskegee,US,2022-02-11 20:29:45,32.424,-85.6916,71.42,34,0,10.0
238,Viedma,AR,2022-02-11 20:29:46,-40.8135,-62.9967,71.11,18,22,11.41
239,Jamestown,US,2022-02-11 20:29:46,42.097,-79.2353,54.72,42,100,27.63
240,Barra Patuca,HN,2022-02-11 20:29:46,15.8,-84.2833,81.43,69,20,8.08
241,Oranjemund,NA,2022-02-11 20:29:47,-28.55,16.4333,67.39,73,100,6.2
242,Yenagoa,NG,2022-02-11 20:29:47,4.9247,6.2642,82.99,68,48,7.78
243,Tak Bai,TH,2022-02-11 20:29:47,6.2595,102.0546,76.98,89,97,4.38
244,Hauterive,FR,2022-02-11 20:29:48,46.0901,3.4459,36.36,83,1,3.87
245,Rio Claro,BR,2022-02-11 20:28:52,-22.4114,-47.5614,84.02,80,26,3.11
246,Itaituba,BR,2022-02-11 20:29:49,-4.2761,-55.9836,86.16,79,75,5.75
247,Manicore,BR,2022-02-11 20:29:49,-5.8092,-61.3003,78.6,95,100,2.46
248,Fengzhen,CN,2022-02-11 20:29:49,40.4394,113.1536,24.4,54,91,5.41
249,Constitucion,CL,2022-02-11 20:29:50,-35.3333,-72.4167,70.54,44,0,15.37
250,Hegang,CN,2022-02-11 20:29:50,47.4,130.3667,9.25,96,100,3.42
251,Chokwe,MZ,2022-02-11 20:29:51,-24.5333,32.9833,74.08,77,0,9.48
252,Gorin,RU,2022-02-11 20:29:51,51.1983,136.6669,7.68,97,100,3.15
253,Sao Mateus,BR,2022-02-11 20:29:51,-18.7161,-39.8589,81.3,71,25,7.58
254,Darhan,MN,2022-02-11 20:29:52,49.4867,105.9228,-19.61,100,75,1.83
255,Yerbogachen,RU,2022-02-11 20:29:52,61.2767,108.0108,-10.1,98,100,3.11
256,Sivas,TR,2022-02-11 20:29:53,39.7916,37.0019,18.23,92,75,4.61
257,Centralia,US,2022-02-11 20:29:53,46.7162,-122.9543,54.52,81,0,14.97
258,Oron,NG,2022-02-11 20:29:53,4.8256,8.2343,82.22,75,18,6.6
259,Xingyi,CN,2022-02-11 20:29:54,24.1877,102.817,43.38,60,0,2.91
260,Yumen,CN,2022-02-11 20:29:54,40.2833,97.2,23.65,46,100,6.8
261,Buchanan,LR,2022-02-11 20:29:54,5.8808,-10.0467,80.56,82,22,8.28
262,Emilio Carranza,MX,2022-02-11 20:29:55,19.9711,-96.6114,70.84,76,45,6.69
263,Kavaratti,IN,2022-02-11 20:29:55,10.5669,72.642,80.29,76,48,9.4
264,Valdemarpils,LV,2022-02-11 20:29:56,57.3707,22.5919,33.22,86,24,5.99
265,Almaznyy,RU,2022-02-11 20:29:56,48.0448,40.045,39.34,92,100,16.53
266,Freetown,SL,2022-02-11 20:29:36,8.484,-13.2299,77.45,87,6,9.84
267,Severo-Kurilsk,RU,2022-02-11 20:29:56,50.6789,156.125,23.76,91,100,5.01
268,Goderich,CA,2022-02-11 20:30:44,43.7501,-81.7165,36.91,93,100,14.97
269,Jiayuguan,CN,2022-02-11 20:30:57,39.8167,98.3,20.68,66,73,5.48
270,Luchegorsk,RU,2022-02-11 20:30:58,46.4764,134.2569,14.77,96,100,3.51
271,Malakal,SS,2022-02-11 20:30:10,9.5334,31.6605,82.4,16,20,11.23
272,Dubno,UA,2022-02-11 20:30:58,50.4169,25.7343,33.89,97,100,18.43
273,Vanimo,PG,2022-02-11 20:30:59,-2.6741,141.3028,76.46,88,100,5.17
274,Sayyan,YE,2022-02-11 20:30:59,15.1718,44.3244,55.45,41,3,1.12
275,Valparaiso,CL,2022-02-11 20:31:00,-33.0393,-71.6273,77.23,53,0,12.66
276,Cabo San Lucas,MX,2022-02-11 20:28:49,22.8909,-109.9124,78.51,59,0,12.66
277,Minbu,MM,2022-02-11 20:31:04,20.1833,94.8833,65.73,58,9,3.27
278,Vetlanda,SE,2022-02-11 20:31:04,57.4289,15.0776,29.62,62,0,8.3
279,Pundaguitan,PH,2022-02-11 20:31:05,6.3711,126.1689,80.38,79,100,11.01
280,Kagadi,UG,2022-02-11 20:31:05,0.9606,30.7967,66.6,71,99,3.96
281,Castro,BR,2022-02-11 20:31:05,-24.7911,-50.0119,72.28,69,55,6.93
282,Uige,AO,2022-02-11 20:31:06,-7.6087,15.0613,68.77,83,94,2.19
283,Rio Grande,BR,2022-02-11 20:31:06,-32.035,-52.0986,84.31,79,3,22.46
284,Luanda,AO,2022-02-11 20:29:11,-8.8368,13.2343,77.0,83,20,10.36
285,Dakar,SN,2022-02-11 20:27:25,14.6937,-17.4441,90.48,60,0,4.61
286,Uhlirske Janovice,CZ,2022-02-11 20:31:07,49.8802,15.0648,38.93,97,97,10.51
287,San Cristobal,VE,2022-02-11 20:31:07,7.7669,-72.225,71.78,60,82,1.3
288,Talcahuano,CL,2022-02-11 20:30:15,-36.7167,-73.1167,69.48,49,0,17.27
289,Road Town,VG,2022-02-11 20:31:08,18.4167,-64.6167,82.49,61,20,16.11
290,Carlos Chagas,BR,2022-02-11 20:31:09,-17.7031,-40.7664,80.33,69,97,8.9
291,Port Lincoln,AU,2022-02-11 20:31:09,-34.7333,135.8667,64.99,74,0,13.51
292,Fukue,JP,2022-02-11 20:31:10,32.6881,128.8419,50.32,58,100,12.03
293,Qostanay,KZ,2022-02-11 20:31:11,53.1667,63.5833,25.74,97,100,8.59
294,Haines Junction,CA,2022-02-11 20:31:11,60.7522,-137.5108,24.75,68,100,3.44
295,Taltal,CL,2022-02-11 20:31:12,-25.4,-70.4833,70.99,67,18,6.87
296,Goure,NE,2022-02-11 20:31:13,13.9835,10.2704,63.55,14,0,9.84
297,Porto Novo,BJ,2022-02-11 20:31:13,6.4965,2.6036,84.02,81,7,8.55
298,Awbari,LY,2022-02-11 20:31:14,26.5921,12.7805,51.15,35,0,7.67
299,Andenes,NO,2022-02-11 20:31:14,69.3143,16.1194,23.07,86,40,12.66
300,Torbay,CA,2022-02-11 20:30:44,47.6666,-52.7314,38.75,85,75,20.71
301,Zadar,HR,2022-02-11 20:31:15,44.1197,15.2422,47.64,93,96,1.14
302,Filingue,NE,2022-02-11 20:31:15,14.3521,3.3168,75.4,9,0,9.04
303,High Level,CA,2022-02-11 20:31:15,58.5169,-117.136,1.51,71,75,5.75
304,Mogadishu,SO,2022-02-11 20:31:16,2.0371,45.3438,76.62,78,28,21.27
305,The Valley,AI,2022-02-11 20:31:16,18.217,-63.0578,82.26,69,3,21.25
306,Chicama,PE,2022-02-11 20:31:17,-7.8447,-79.1469,70.34,56,53,11.36
307,Esmeraldas,BR,2022-02-11 20:31:17,-19.7625,-44.3139,73.51,94,100,5.73
308,Fallon,US,2022-02-11 20:31:18,39.4735,-118.7774,59.27,37,0,3.44
309,Touros,BR,2022-02-11 20:31:18,-5.1989,-35.4608,85.1,75,49,11.3
310,Fort Smith,US,2022-02-11 20:28:43,35.3859,-94.3986,71.87,29,0,9.22
311,Las Vigas,MX,2022-02-11 20:31:19,19.6333,-97.0833,54.1,64,31,1.79
312,Faya,SA,2022-02-11 20:32:19,18.3851,42.4509,55.92,87,34,3.36
313,Ust-Maya,RU,2022-02-11 20:32:20,60.4167,134.5333,-36.33,100,89,0.49
314,Kaitangata,NZ,2022-02-11 20:32:20,-46.2817,169.8464,60.93,86,91,7.05
315,Abonnema,NG,2022-02-11 20:32:21,4.7084,6.7931,82.87,71,18,9.46
316,San Andres,CO,2022-02-11 20:32:21,12.5847,-81.7006,84.22,65,20,14.97
317,Garowe,SO,2022-02-11 20:32:22,8.4054,48.4845,66.33,73,48,14.76
318,Kailua,US,2022-02-11 20:32:22,21.4022,-157.7394,80.08,71,0,3.44
319,Libreville,GA,2022-02-11 20:32:22,0.3925,9.4537,80.26,84,38,7.78
320,Amahai,ID,2022-02-11 20:32:23,-3.3333,128.9167,77.9,83,94,3.4
321,Aizpute,LV,2022-02-11 20:32:23,56.7167,21.6,33.03,77,47,5.66
322,San Juan,AR,2022-02-11 20:30:40,-31.5375,-68.5364,69.76,60,75,19.04
323,Pertuis,FR,2022-02-11 20:32:24,43.6925,5.5028,48.45,69,3,4.03
324,Brufut,GM,2022-02-11 20:32:24,13.3814,-16.7518,82.49,34,1,4.61
325,Kieta,PG,2022-02-11 20:32:25,-6.2167,155.6333,78.67,85,100,0.6
326,Miri,MY,2022-02-11 20:32:25,4.4148,114.0089,73.54,100,40,3.44
327,Udachnyy,RU,2022-02-11 20:32:25,66.4167,112.4,-11.0,100,98,3.67
328,Alamosa,US,2022-02-11 20:32:26,37.4695,-105.87,49.51,29,0,3.44
329,Chiredzi,ZW,2022-02-11 20:32:26,-21.05,31.6667,74.03,39,8,7.2
330,Verkhniy Baskunchak,RU,2022-02-11 20:32:27,48.2256,46.7217,37.58,97,100,16.26
331,Mandera,KE,2022-02-11 20:32:27,3.9366,41.867,80.69,23,72,10.13
332,San Quintin,MX,2022-02-11 20:29:52,30.4833,-115.95,73.22,23,0,7.29
333,Homer,US,2022-02-11 20:32:28,59.6425,-151.5483,33.8,80,100,3.0
334,Phaltan,IN,2022-02-11 20:32:28,17.9833,74.4333,67.89,39,22,4.16
335,Xuddur,SO,2022-02-11 20:32:29,4.1213,43.8894,73.9,29,16,11.36
336,Acari,PE,2022-02-11 20:32:29,-15.4311,-74.6158,79.34,60,22,11.14
337,Sioux Lookout,CA,2022-02-11 20:32:30,50.1001,-91.917,-3.62,54,40,14.97
338,Qingdao,CN,2022-02-11 20:32:30,36.0986,120.3719,26.2,100,6,2.24
339,Belmonte,BR,2022-02-11 20:32:31,-15.8631,-38.8828,82.9,77,11,6.6
340,Minab,IR,2022-02-11 20:32:31,27.1467,57.0801,60.3,82,0,0.0
341,Samarai,PG,2022-02-11 20:32:31,-10.6167,150.6667,80.56,63,39,12.59
342,Moron,AR,2022-02-11 20:32:32,-34.6534,-58.6198,67.8,84,100,16.31
343,Vaureal,FR,2022-02-11 20:32:32,49.0333,2.0333,39.15,86,20,3.44
344,Pachino,IT,2022-02-11 20:32:32,36.7186,15.0907,51.84,74,100,7.29
345,Orchard Homes,US,2022-02-11 20:32:33,46.8633,-114.0484,46.58,30,0,5.99
346,Tonj,SS,2022-02-11 20:30:19,7.2737,28.6822,79.95,21,2,5.57
347,Jalu,LY,2022-02-11 20:32:33,29.0331,21.5482,54.23,51,0,6.87
348,Xiongzhou,CN,2022-02-11 20:31:34,25.1167,114.3,48.74,96,100,3.49
349,Buala,SB,2022-02-11 20:32:34,-8.145,159.5921,75.78,96,100,2.39
350,Ankazobe,MG,2022-02-11 20:32:35,-18.3167,47.1167,68.41,90,31,3.42
351,Birsk,RU,2022-02-11 20:32:35,55.4211,55.5428,15.69,97,99,5.61
352,Ekuvukeni,ZA,2022-02-11 20:32:35,-28.4675,30.1551,68.02,56,8,4.79
353,Carnarvon,AU,2022-02-11 20:31:21,-24.8667,113.6333,78.87,73,0,2.3
354,Pitimbu,BR,2022-02-11 20:32:36,-7.4706,-34.8086,84.79,77,91,15.75
355,Saint Anthony,US,2022-02-11 20:30:44,45.0205,-93.218,19.83,64,100,20.71
356,Nova Olimpia,BR,2022-02-11 20:32:36,-14.7972,-57.2881,77.65,92,100,4.05
357,Biak,ID,2022-02-11 20:32:37,-0.9131,122.8766,75.15,86,100,2.75
358,Beringovskiy,RU,2022-02-11 20:33:38,63.05,179.3167,-28.1,96,38,9.04
359,Kemijarvi,FI,2022-02-11 20:33:38,66.7131,27.4306,9.48,95,100,3.83
360,Igarka,RU,2022-02-11 20:33:39,67.4667,86.5833,-20.81,97,94,6.17
361,Manokwari,ID,2022-02-11 20:33:39,-0.8667,134.0833,77.94,79,100,4.41
362,Merauke,ID,2022-02-11 20:33:39,-8.4667,140.3333,75.43,88,36,4.09
363,Beisfjord,NO,2022-02-11 20:33:40,68.3751,17.5988,22.96,90,84,9.4
364,Cockburn Town,TC,2022-02-11 20:33:40,21.4612,-71.1419,77.88,79,0,18.43
365,Marawi,PH,2022-02-11 20:33:41,7.9986,124.2928,65.64,93,11,1.16
366,Iqaluit,CA,2022-02-11 20:33:41,63.7506,-68.5145,-0.31,84,100,2.3
367,Coquimbo,CL,2022-02-11 20:31:32,-29.9533,-71.3436,73.13,60,0,14.97
368,Barcelos,PT,2022-02-11 20:33:42,41.5388,-8.6151,56.91,91,100,2.26
369,Uchiza,PE,2022-02-11 20:33:42,-8.4592,-76.4633,79.68,84,97,2.28
370,Ambilobe,MG,2022-02-11 20:33:42,-13.2,49.05,73.47,96,100,2.89
371,Muli,MV,2022-02-11 20:33:43,2.9167,73.5667,81.37,68,53,4.36
372,Caucaia,BR,2022-02-11 20:33:44,-3.7361,-38.6531,82.35,74,40,17.27
373,Santo Antonio De Padua,BR,2022-02-11 20:33:44,-21.5394,-42.1803,71.89,97,100,0.85
374,Takab,IR,2022-02-11 20:33:45,36.4009,47.1133,20.17,91,71,4.65
375,Novokuznetsk,RU,2022-02-11 20:33:45,53.7557,87.1099,-18.08,100,36,0.65
376,Talaya,RU,2022-02-11 20:33:45,61.3833,152.75,-41.19,96,90,1.14
377,Banjarmasin,ID,2022-02-11 20:33:46,-3.3244,114.591,73.54,94,100,3.85
378,Vostok,RU,2022-02-11 20:33:46,46.4856,135.8833,14.22,97,100,2.86
379,Ulladulla,AU,2022-02-11 20:33:47,-35.35,150.4667,63.5,88,96,10.78
380,Beidao,CN,2022-02-11 20:33:47,34.5686,105.8933,31.32,96,100,2.59
381,Axim,GH,2022-02-11 20:33:48,4.8699,-2.2405,79.74,84,7,8.57
382,Salalah,OM,2022-02-11 20:33:48,17.0151,54.0924,73.49,60,20,3.44
383,Rafaela,AR,2022-02-11 20:33:08,-31.2503,-61.4867,73.89,58,100,27.76
384,Qiyang,CN,2022-02-11 20:33:49,26.5911,111.8474,40.5,92,100,2.35
385,Colquiri,BO,2022-02-11 20:33:49,-17.4167,-67.1333,38.7,85,100,5.75
386,Shaunavon,CA,2022-02-11 20:29:33,49.6501,-108.4181,24.58,86,100,12.77
387,Boke,GN,2022-02-11 20:33:49,10.9409,-14.2967,74.43,69,100,3.91
388,Wladyslawowo,PL,2022-02-11 20:33:50,54.7909,18.4009,34.02,67,32,18.37
389,Biltine,TD,2022-02-11 20:33:50,14.5333,20.9167,70.54,11,4,12.17
390,Cayenne,GF,2022-02-11 20:33:51,4.9333,-52.3333,79.09,89,100,7.0
391,Namibe,AO,2022-02-11 20:33:51,-15.1961,12.1522,75.94,83,86,1.83
392,Gogrial,SS,2022-02-11 20:33:52,8.5332,28.1004,78.89,20,77,7.9
393,Sanford,US,2022-02-11 20:33:52,28.8006,-81.2731,78.98,55,40,9.22
394,Lata,PT,2022-02-11 20:33:53,40.1629,-8.3327,56.8,90,100,1.07
395,Kruisfontein,ZA,2022-02-11 20:33:53,-34.0033,24.7314,62.65,83,0,1.88
396,Bjorkelangen,NO,2022-02-11 20:33:53,59.8848,11.5694,33.46,56,51,9.98
397,Jacobabad,PK,2022-02-11 20:33:54,28.281,68.4388,59.43,27,0,2.66
398,Kourou,GF,2022-02-11 20:30:04,5.1552,-52.6478,78.85,88,35,8.21
399,Konotop,UA,2022-02-11 20:33:54,51.2403,33.2026,29.44,95,100,3.4
400,Loei,TH,2022-02-11 20:33:55,17.4167,101.5,70.12,71,81,3.44
401,Leeuwarden,NL,2022-02-11 20:33:55,53.2014,5.8086,36.99,90,10,5.75
402,Seoul,KR,2022-02-11 20:31:37,37.5683,126.9778,31.44,87,75,2.3
403,Chisec,GT,2022-02-11 20:33:56,15.8167,-90.2833,84.43,56,59,4.47
404,Souris,CA,2022-02-11 20:33:56,49.6172,-100.2612,-1.26,82,94,9.78
405,Labuhan,ID,2022-02-11 20:34:39,-6.8844,112.2051,74.77,90,100,2.75
406,Contamana,PE,2022-02-11 20:34:57,-7.3333,-75.0167,89.8,46,100,5.77
407,Kudahuvadhoo,MV,2022-02-11 20:34:57,2.6708,72.8944,81.36,66,42,1.39
408,Sept-Iles,CA,2022-02-11 20:34:58,50.2001,-66.3821,19.83,53,75,8.05
409,Kaeo,NZ,2022-02-11 20:34:58,-35.1,173.7833,76.32,98,100,13.18
410,Bar Harbor,US,2022-02-11 20:34:59,44.3876,-68.2039,44.28,68,0,14.97
411,Nago,JP,2022-02-11 20:34:59,26.5881,127.9761,66.63,73,74,10.13
412,Laguna,US,2022-02-11 20:34:59,38.421,-121.4238,77.95,52,0,4.61
413,Ostrovnoy,RU,2022-02-11 20:35:00,68.0531,39.5131,20.23,94,100,9.55
414,Gazimurskiy Zavod,RU,2022-02-11 20:35:00,51.5461,118.3266,-20.25,100,100,1.21
415,Broome,US,2022-02-11 20:33:31,42.2506,-75.833,49.8,45,0,12.66
416,Narsaq,GL,2022-02-11 20:35:01,60.9167,-46.05,23.22,78,100,6.04
417,Salina,US,2022-02-11 20:30:35,38.8403,-97.6114,57.31,33,0,33.38
418,Saint George,US,2022-02-11 20:35:02,37.1041,-113.5841,70.63,25,0,5.75
419,Perote,MX,2022-02-11 20:35:02,19.5667,-97.2333,59.86,40,5,13.24
420,Margate,GB,2022-02-11 20:34:37,51.3813,1.3862,40.91,75,97,1.01
421,Carauari,BR,2022-02-11 20:35:03,-4.8828,-66.8958,86.22,63,97,1.66
422,Nemuro,JP,2022-02-11 20:35:03,43.3236,145.575,22.87,74,79,7.85
423,Mulege,MX,2022-02-11 20:35:04,26.8833,-111.9833,76.44,20,0,7.94
424,Santa Cruz Del Sur,CU,2022-02-11 20:35:04,20.7147,-77.9956,82.47,61,23,9.62
425,Charters Towers,AU,2022-02-11 20:35:05,-20.1,146.2667,72.57,77,0,8.77
426,Manono,CD,2022-02-11 20:35:05,-7.3,27.4167,68.63,96,79,1.01
427,Alvand,IR,2022-02-11 20:35:06,36.3187,49.1678,26.69,95,100,5.01
428,Nizhniy Baskunchak,RU,2022-02-11 20:35:06,48.2198,46.8311,37.56,97,100,16.06
429,Muisne,EC,2022-02-11 20:35:07,0.6,-80.0333,79.29,79,31,8.59
430,Mangrol,IN,2022-02-11 20:35:07,21.1167,70.1167,69.08,36,0,9.98
431,Plock,PL,2022-02-11 20:35:08,52.5468,19.7064,35.56,93,68,13.89
432,Pilar,BR,2022-02-11 20:35:08,-9.5972,-35.9567,84.13,67,98,11.12
433,Semey,KZ,2022-02-11 20:35:08,50.4111,80.2275,-11.29,100,40,8.41
434,Chapleau,CA,2022-02-11 20:32:13,47.8405,-83.4034,23.09,86,100,12.66
435,Baruun-Urt,MN,2022-02-11 20:35:09,46.6806,113.2792,-5.51,98,100,6.11
436,Xai-Xai,MZ,2022-02-11 20:35:09,-25.0519,33.6442,74.28,81,2,8.81
437,Saint-Joseph,RE,2022-02-11 20:35:10,-21.3667,55.6167,75.58,72,23,5.66
438,Krasnoselkup,RU,2022-02-11 20:35:10,65.7,82.4667,-16.38,93,11,7.09
439,Zaysan,KZ,2022-02-11 20:35:11,47.4667,84.8667,1.63,88,94,4.45
440,Taoudenni,ML,2022-02-11 20:35:11,22.6783,-3.9836,65.28,21,0,9.64
441,Nueve De Julio,AR,2022-02-11 20:35:12,-35.4444,-60.8831,56.71,88,100,12.77
442,Teya,RU,2022-02-11 20:35:12,60.3778,92.6267,-19.75,100,22,1.88
443,Olafsvik,IS,2022-02-11 20:35:13,64.8945,-23.7142,29.88,72,100,18.95
444,Limpapa,PH,2022-02-11 20:35:13,7.1197,121.9106,75.43,86,100,4.74
445,Marsa Matruh,EG,2022-02-11 20:35:13,31.3525,27.2453,55.6,50,0,5.75
446,Iranshahr,IR,2022-02-11 20:35:14,27.2025,60.6848,57.54,38,0,0.0
447,Tsabong,BW,2022-02-11 20:35:14,-26.0217,22.401,82.8,38,56,13.62
448,Saint-Pierre,RE,2022-02-11 20:35:15,-21.3393,55.4781,76.68,73,0,6.91
449,Tromso,NO,2022-02-11 20:36:16,69.6496,18.957,25.38,93,75,14.97
450,Karamakhi,RU,2022-02-11 20:36:16,42.6193,47.2602,25.07,82,15,2.73
451,Naantali,FI,2022-02-11 20:36:17,60.4674,22.0243,30.11,86,40,9.22
452,Santa Teresa,VE,2022-02-11 20:36:17,10.2341,-66.6631,86.41,43,14,8.12
453,Banda Aceh,ID,2022-02-11 20:36:17,5.5577,95.3222,77.54,77,88,4.41
454,Mastic Beach,US,2022-02-11 20:36:18,40.7668,-72.8521,54.95,69,0,12.66
455,Krasnoturansk,RU,2022-02-11 20:36:18,54.3186,91.5639,-28.05,100,29,1.81
456,Monroe,US,2022-02-11 20:31:28,43.1501,-77.6831,53.98,41,75,10.36
457,Romano Di Lombardia,IT,2022-02-11 20:36:19,45.5246,9.7484,51.08,63,0,4.61
458,Port Macquarie,AU,2022-02-11 20:36:19,-31.4333,152.9167,66.16,80,99,16.98
459,Suruc,TR,2022-02-11 20:36:20,36.9761,38.425,41.2,63,0,6.22
460,Port Augusta,AU,2022-02-11 20:36:20,-32.5,137.7667,62.74,49,0,5.95
461,Soledade,BR,2022-02-11 20:36:20,-28.8183,-52.5103,72.9,65,91,4.45
462,Warah,PK,2022-02-11 20:36:21,27.4481,67.7978,60.51,31,0,3.47
463,Mweka,CD,2022-02-11 20:36:21,-4.85,21.5667,70.16,94,100,2.93
464,Asyut,EG,2022-02-11 20:36:22,27.181,31.1837,59.18,46,0,7.31
465,Lambari,BR,2022-02-11 20:36:22,-21.9756,-45.3503,71.37,93,99,3.29
466,Te Anau,NZ,2022-02-11 20:36:23,-45.4167,167.7167,58.26,73,99,3.27
467,Dunmore Town,BS,2022-02-11 20:36:23,25.5,-76.65,74.8,82,48,13.65
468,Nizhniy Chir,RU,2022-02-11 20:36:23,48.3597,43.0865,36.64,95,100,19.24
469,Susehri,TR,2022-02-11 20:36:24,40.1644,38.0867,16.27,79,39,2.19
470,Dawson,US,2022-02-11 20:36:24,31.7735,-84.4466,71.02,36,43,7.83
471,Hohhot,CN,2022-02-11 20:36:25,40.8106,111.6522,25.09,50,0,8.95
472,Teknaf,BD,2022-02-11 20:36:25,20.8624,92.3058,63.86,77,4,9.93
473,Deogarh,IN,2022-02-11 20:36:26,21.5333,84.7333,57.47,43,9,4.23
474,Mehamn,NO,2022-02-11 20:36:26,71.0357,27.8492,30.38,76,100,20.11
475,Opuwo,NA,2022-02-11 20:36:26,-18.0607,13.84,69.66,87,99,4.7
476,Ostersund,SE,2022-02-11 20:36:27,63.1792,14.6357,25.25,74,75,13.8
477,Kahului,US,2022-02-11 20:36:27,20.8947,-156.47,79.86,64,40,5.99
478,Taga,RO,2022-02-11 20:36:28,46.95,24.05,39.69,97,95,1.57
479,Sattahip,TH,2022-02-11 20:36:28,12.6664,100.9007,78.19,100,75,3.44
480,Sawtell,AU,2022-02-11 20:36:28,-30.3833,153.1,68.02,83,100,12.66
481,Celestun,MX,2022-02-11 20:36:29,20.8667,-90.4,75.02,75,47,11.59
482,Coria,ES,2022-02-11 20:36:29,39.9879,-6.5377,52.45,67,73,1.23
483,Akhmim,EG,2022-02-11 20:36:30,26.5622,31.745,52.0,48,0,6.31
484,Coxim,BR,2022-02-11 20:36:30,-18.5067,-54.76,83.66,72,33,2.48
485,Tagusao,PH,2022-02-11 20:36:30,9.1924,117.8141,77.86,84,67,4.14
486,Miles City,US,2022-02-11 20:36:31,46.4083,-105.8406,33.51,55,20,23.02
487,Aban,RU,2022-02-11 20:36:31,56.67,96.06,-17.81,100,16,4.5
488,Norilsk,RU,2022-02-11 20:36:32,69.3535,88.2027,-13.5,88,95,7.05
489,Anadyr,RU,2022-02-11 20:36:32,64.75,177.4833,-35.9,74,0,6.71
490,Gwembe,ZM,2022-02-11 20:36:33,-16.4975,27.6069,63.99,92,100,2.42
491,Coihaique,CL,2022-02-11 20:36:08,-45.5752,-72.0662,68.61,40,0,10.36
492,Male,MV,2022-02-11 20:36:33,4.1748,73.5089,82.35,78,75,8.05
493,Leningradskiy,RU,2022-02-11 20:33:23,69.3833,178.4167,-19.98,97,98,4.7
494,Russell,US,2022-02-11 20:36:34,32.3502,-85.1999,70.38,30,0,0.0
495,Presidencia Roque Saenz Pena,AR,2022-02-11 20:36:34,-26.7852,-60.4388,103.6,15,19,3.96
496,Bud,US,2022-02-11 20:36:35,39.447,-86.1758,48.74,91,100,15.57
497,Khilok,RU,2022-02-11 20:37:35,51.3674,110.4676,-10.08,99,100,1.19
498,Lekoni,GA,2022-02-11 20:37:36,-1.5843,14.2591,81.36,57,92,4.52
499,Tvoroyri,FO,2022-02-11 20:37:36,61.5556,-6.8111,38.59,93,100,24.07
500,Hovd,MN,2022-02-11 20:37:36,48.0056,91.6419,-14.62,87,88,3.94
501,Dubbo,AU,2022-02-11 20:37:37,-32.25,148.6167,60.93,82,20,10.36
502,Englewood,US,2022-02-11 20:37:38,39.6478,-104.9878,38.64,65,100,11.5
503,Slave Lake,CA,2022-02-11 20:32:50,55.2834,-114.769,15.78,73,0,2.3
504,Howard Springs,AU,2022-02-11 20:37:38,-12.497,131.047,78.71,95,6,4.94
505,Yar-Sale,RU,2022-02-11 20:37:39,66.8333,70.8333,-0.36,81,100,17.31
506,Flinders,AU,2022-02-11 20:37:39,-34.5833,150.8552,70.21,91,100,4.0
507,Kaputa,ZM,2022-02-11 20:37:39,-8.4689,29.6619,68.77,88,100,2.13
508,Alta Floresta,BR,2022-02-11 20:37:40,-9.8756,-56.0861,82.22,78,40,4.61
509,Eureka,US,2022-02-11 20:37:40,40.8021,-124.1637,74.12,60,0,1.01
510,Labuan,MY,2022-02-11 20:37:40,5.2767,115.2417,77.36,94,20,2.3
511,Palmer,US,2022-02-11 20:37:41,42.1584,-72.3287,54.77,34,40,16.11
512,Antalaha,MG,2022-02-11 20:37:41,-14.9003,50.2788,74.55,89,12,6.58
513,Turayf,SA,2022-02-11 20:37:42,31.6725,38.6637,41.25,81,0,9.22
514,Miraflores,MX,2022-02-11 20:37:42,19.2167,-98.8083,69.03,23,0,9.51
515,Kohima,IN,2022-02-11 20:37:42,25.6667,94.1167,41.76,77,2,2.68
516,Muzhi,RU,2022-02-11 20:37:43,65.3667,64.6667,4.12,87,100,13.8
517,Martos,ES,2022-02-11 20:37:43,37.7211,-3.9726,52.39,53,9,3.0
518,Sao Geraldo Do Araguaia,BR,2022-02-11 20:37:44,-6.4006,-48.555,79.75,88,54,1.32
519,Chase,CA,2022-02-11 20:37:44,50.8165,-119.6857,42.33,80,50,3.13
520,Middleton,GB,2022-02-11 20:37:45,53.55,-2.2,41.99,78,100,11.74
521,Sao Joao Da Barra,BR,2022-02-11 20:37:45,-21.6403,-41.0511,78.89,88,100,9.89
522,Sheksna,RU,2022-02-11 20:37:45,59.21,38.5107,30.16,95,100,8.52
523,La Ligua,CL,2022-02-11 20:37:46,-32.4524,-71.2311,71.38,54,89,7.99
524,Anjiang,CN,2022-02-11 20:37:46,27.3194,110.1031,40.68,96,100,1.95
525,Nyurba,RU,2022-02-11 20:33:14,63.2842,118.3319,-15.65,100,88,3.24
526,Bonavista,CA,2022-02-11 20:37:47,48.6499,-53.1147,39.11,81,69,18.9
527,Jungapeo,MX,2022-02-11 20:37:47,19.45,-100.4833,71.82,29,0,8.79
528,Esna,EG,2022-02-11 20:37:48,25.2934,32.554,53.62,39,0,6.17
529,Humaita,BR,2022-02-11 20:37:48,-7.5061,-63.0208,79.57,90,94,3.22
530,Novyy Khushet,RU,2022-02-11 20:37:48,42.8994,47.5604,39.02,75,75,6.71
531,Garden City,US,2022-02-11 20:37:49,42.3256,-83.331,38.32,93,100,17.27
532,Sosnovo-Ozerskoye,RU,2022-02-11 20:37:49,52.5249,111.5418,-19.16,100,100,2.21
533,Qujing,CN,2022-02-11 20:37:50,25.4833,103.7833,40.23,80,0,5.01
534,Carbonear,CA,2022-02-11 20:37:50,47.7332,-53.2148,39.6,76,88,22.03
535,Puerto Carreno,CO,2022-02-11 20:37:51,6.189,-67.4859,96.78,36,20,6.91
536,Corinto,GR,2022-02-11 20:37:51,37.9407,22.9573,53.69,79,3,2.21
537,Barabai,ID,2022-02-11 20:37:52,-2.5833,115.3833,72.79,99,100,0.65
538,Porkhov,RU,2022-02-11 20:37:52,57.765,29.5561,31.89,97,65,6.82
539,Osoyoos,CA,2022-02-11 20:37:53,49.0331,-119.4524,50.99,30,96,2.3
540,Isangel,VU,2022-02-11 20:37:53,-19.55,169.2667,82.51,83,75,4.61
